<PAMDataset>
  <Metadata>
    <MDI key="DataType">Generic</MDI>
  </Metadata>
  <PAMRasterBand band="1">
    <Histograms>
      <HistItem>
        <HistMin>0</HistMin>
        <HistMax>17623.90625</HistMax>
        <BucketCount>256</BucketCount>
        <IncludeOutOfRange>1</IncludeOutOfRange>
        <Approximate>0</Approximate>
        <HistCounts>837885|43109|20386|12763|8605|6584|4951|4048|3464|2936|1992|1510|1113|711|610|486|378|309|197|155|116|108|71|60|40|30|30|27|32|25|33|18|16|16|14|12|5|8|12|7|4|2|13|4|3|5|4|8|6|2|2|3|1|0|1|0|2|3|2|1|3|1|1|1|1|0|1|1|3|5|3|2|1|1|3|4|1|3|1|3|4|2|4|1|1|2|0|2|1|0|3|0|4|2|3|1|1|3|2|3|3|0|2|3|6|5|2|2|3|1|8|2|3|3|1|3|8|5|1|2|3|2|4|3|5|3|7|1|2|0|1|7|3|6|3|4|3|1|3|5|2|2|3|3|7|2|1|1|2|5|0|0|4|2|3|0|3|2|2|1|3|4|0|0|2|4|0|1|0|1|1|3|0|1|3|1|0|0|2|0|2|1|3|1|1|0|1|0|2|0|2|2|0|4|0|0|2|0|1|3|2|4|3|2|1|3|5|0|1|2|3|1|1|3|2|1|6|1|2|1|2|2|1|2|0|4|2|0|1|2|1|0|1|1|1|1|0|0|0|1|1|0|1|0|0|0|0|0|0|0|0|0|0|0|0|1</HistCounts>
      </HistItem>
    </Histograms>
    <Metadata>
      <MDI key="RepresentationType">ATHEMATIC</MDI>
      <MDI key="STATISTICS_COVARIANCES">57810.53808408618</MDI>
      <MDI key="STATISTICS_EXCLUDEDVALUES"></MDI>
      <MDI key="STATISTICS_MAXIMUM">17623.90625</MDI>
      <MDI key="STATISTICS_MEAN">44.384330677669</MDI>
      <MDI key="STATISTICS_MINIMUM">0</MDI>
      <MDI key="STATISTICS_SKIPFACTORX">1</MDI>
      <MDI key="STATISTICS_SKIPFACTORY">1</MDI>
      <MDI key="STATISTICS_STDDEV">240.43822093021</MDI>
    </Metadata>
  </PAMRasterBand>
</PAMDataset>
