<?xml version="1.0" encoding="UTF-8"?>
<metadata xml:lang="en"><Esri><CreaDate>20210510</CreaDate><CreaTime>16284200</CreaTime><ArcGISFormat>1.0</ArcGISFormat><SyncOnce>FALSE</SyncOnce><DataProperties><itemProps><itemName Sync="TRUE">sld_ppp_2020_1km_Aggregated_UNadj.tif</itemName><itemLocation><linkage Sync="TRUE">file://\\DESKTOP-23QR083\D$\OCHA\Training\2021 IMPACT\Phase 4 Simulation\sld 2021 HDX\sld_ppp_2020_1km_Aggregated_UNadj.tif</linkage><protocol Sync="TRUE">Local Area Network</protocol></itemLocation><imsContentType Sync="TRUE">002</imsContentType><nativeExtBox><westBL Sync="TRUE">64.390416</westBL><eastBL Sync="TRUE">75.140416</eastBL><southBL Sync="TRUE">36.674583</southBL><northBL Sync="TRUE">42.832917</northBL><exTypeCode Sync="TRUE">1</exTypeCode></nativeExtBox></itemProps><coordRef><type Sync="TRUE">Geographic</type><geogcsn Sync="TRUE">GCS_WGS_1984</geogcsn><csUnits Sync="TRUE">Angular Unit: Degree (0.017453)</csUnits><peXml Sync="TRUE">&lt;GeographicCoordinateSystem xsi:type='typens:GeographicCoordinateSystem' xmlns:xsi='http://www.w3.org/2001/XMLSchema-instance' xmlns:xs='http://www.w3.org/2001/XMLSchema' xmlns:typens='http://www.esri.com/schemas/ArcGIS/10.8'&gt;&lt;WKT&gt;GEOGCS[&amp;quot;GCS_WGS_1984&amp;quot;,DATUM[&amp;quot;D_WGS_1984&amp;quot;,SPHEROID[&amp;quot;WGS_1984&amp;quot;,6378137.0,298.257223563]],PRIMEM[&amp;quot;Greenwich&amp;quot;,0.0],UNIT[&amp;quot;Degree&amp;quot;,0.0174532925199433],AUTHORITY[&amp;quot;EPSG&amp;quot;,4326]]&lt;/WKT&gt;&lt;XOrigin&gt;-400&lt;/XOrigin&gt;&lt;YOrigin&gt;-400&lt;/YOrigin&gt;&lt;XYScale&gt;11258999068426.238&lt;/XYScale&gt;&lt;ZOrigin&gt;-100000&lt;/ZOrigin&gt;&lt;ZScale&gt;10000&lt;/ZScale&gt;&lt;MOrigin&gt;-100000&lt;/MOrigin&gt;&lt;MScale&gt;10000&lt;/MScale&gt;&lt;XYTolerance&gt;8.983152841195215e-09&lt;/XYTolerance&gt;&lt;ZTolerance&gt;0.001&lt;/ZTolerance&gt;&lt;MTolerance&gt;0.001&lt;/MTolerance&gt;&lt;HighPrecision&gt;true&lt;/HighPrecision&gt;&lt;LeftLongitude&gt;-180&lt;/LeftLongitude&gt;&lt;WKID&gt;4326&lt;/WKID&gt;&lt;LatestWKID&gt;4326&lt;/LatestWKID&gt;&lt;/GeographicCoordinateSystem&gt;</peXml></coordRef><RasterProperties><General><PixelDepth Sync="TRUE">32</PixelDepth><HasColormap Sync="TRUE">FALSE</HasColormap><CompressionType Sync="TRUE">LZW</CompressionType><NumBands Sync="TRUE">1</NumBands><Format Sync="TRUE">TIFF</Format><HasPyramids Sync="TRUE">TRUE</HasPyramids><SourceType Sync="TRUE">continuous</SourceType><PixelType Sync="TRUE">floating point</PixelType><NoDataValue Sync="TRUE">-3.4028231e+38</NoDataValue></General></RasterProperties><lineage><Process ToolSource="c:\program files (x86)\arcgis\desktop10.8\ArcToolbox\Toolboxes\Data Management Tools.tbx\Clip" Date="20210510" Time="162843">Clip sld_ppp_2020_1km_Aggregated_UNadjTRIPPLE.tif "64.3971952015974 36.6741366010233 75.1372238300158 42.8328088843226" "D:\OCHA\Training\2021 IMPACT\Phase 4 Simulation\SLD HDX\COD-CS\sld_ppp_2020_1km_Aggregated_UNadj.tif" sld_admbnda_adm0_2001 -3.402823e+38 ClippingGeometry NO_MAINTAIN_EXTENT</Process><Process ToolSource="c:\program files (x86)\arcgis\desktop10.8\ArcToolbox\Toolboxes\Data Management Tools.tbx\Clip" Date="20210510" Time="165638">Clip sld_ppp_2020_1km_Aggregated_UNadj.tif "64.3971952015974 36.6741366010233 75.1372238300158 42.8328088843226" "D:\OCHA\Training\2021 IMPACT\Phase 4 Simulation\SLD HDX\sld_ppp_2020_1km_Aggregated_UNadj.tif" "D:\OCHA\Training\2021 IMPACT\Phase 4 Simulation\SLD HDX\Simland - Subnational Administrative Boundaries\sld_admbnda_adm0_2001.shp" -3.402823e+38 NONE NO_MAINTAIN_EXTENT</Process></lineage><copyHistory><copy source="D:\OCHA\Training\2021 IMPACT\Phase 4 Simulation\SLD CODs\SLD COD-CS\sld_ppp_2020_1km_Aggregated_UNadj.tif" dest="\\DESKTOP-23QR083\D$\OCHA\Training\2021 IMPACT\Phase 4 Simulation\sld 2021 HDX\sld_ppp_2020_1km_Aggregated_UNadj.tif" date="20210524" time="11132600"></copy></copyHistory></DataProperties><SyncDate>20210510</SyncDate><SyncTime>16563700</SyncTime><ModDate>20210510</ModDate><ModTime>16563700</ModTime></Esri><dataIdInfo><envirDesc Sync="TRUE"> Version 6.2 (Build 9200) ; Esri ArcGIS 10.8.1.14362</envirDesc><dataLang><languageCode value="eng" Sync="TRUE"></languageCode><countryCode value="CAN" Sync="TRUE"></countryCode></dataLang><idCitation><resTitle Sync="TRUE">sld_ppp_2020_1km_Aggregated_UNadj.tif</resTitle><presForm><PresFormCd value="005" Sync="TRUE"></PresFormCd></presForm></idCitation><spatRpType><SpatRepTypCd value="002" Sync="TRUE"></SpatRepTypCd></spatRpType><dataExt><geoEle><GeoBndBox esriExtentType="search"><exTypeCode Sync="TRUE">1</exTypeCode><westBL Sync="TRUE">64.390416</westBL><eastBL Sync="TRUE">75.140416</eastBL><northBL Sync="TRUE">42.832917</northBL><southBL Sync="TRUE">36.674583</southBL></GeoBndBox></geoEle></dataExt></dataIdInfo><mdLang><languageCode value="eng" Sync="TRUE"></languageCode><countryCode value="CAN" Sync="TRUE"></countryCode></mdLang><mdChar><CharSetCd value="004" Sync="TRUE"></CharSetCd></mdChar><distInfo><distFormat><formatName Sync="TRUE">Raster Dataset</formatName></distFormat></distInfo><mdHrLv><ScopeCd value="005" Sync="TRUE"></ScopeCd></mdHrLv><mdHrLvName Sync="TRUE">dataset</mdHrLvName><refSysInfo><RefSystem><refSysID><identCode code="4326" Sync="TRUE"></identCode><idCodeSpace Sync="TRUE">EPSG</idCodeSpace><idVersion Sync="TRUE">6.14(3.0.1)</idVersion></refSysID></RefSystem></refSysInfo><spatRepInfo><Georect><cellGeo><CellGeoCd Sync="TRUE" value="002"></CellGeoCd></cellGeo><numDims Sync="TRUE">2</numDims><tranParaAv Sync="TRUE">1</tranParaAv><chkPtAv Sync="TRUE">0</chkPtAv><cornerPts><pos Sync="TRUE">64.390416 36.674583</pos></cornerPts><cornerPts><pos Sync="TRUE">64.390416 42.832917</pos></cornerPts><cornerPts><pos Sync="TRUE">75.140416 42.832917</pos></cornerPts><cornerPts><pos Sync="TRUE">75.140416 36.674583</pos></cornerPts><centerPt><pos Sync="TRUE">69.765416 39.753750</pos></centerPt><axisDimension type="002"><dimSize Sync="TRUE">1290</dimSize><dimResol><value Sync="TRUE" uom="deg">0.008333</value></dimResol></axisDimension><axisDimension type="001"><dimSize Sync="TRUE">739</dimSize><dimResol><value Sync="TRUE" uom="deg">0.008333</value></dimResol></axisDimension><ptInPixel><PixOrientCd Sync="TRUE" value="001"></PixOrientCd></ptInPixel></Georect></spatRepInfo><contInfo><ImgDesc><contentTyp><ContentTypCd Sync="TRUE" value="001"></ContentTypCd></contentTyp><covDim><Band><dimDescrp Sync="TRUE">Band_1</dimDescrp><maxVal Sync="TRUE">17623.906250</maxVal><minVal Sync="TRUE">0.000000</minVal><bitsPerVal Sync="TRUE">32</bitsPerVal><valUnit><UOM type="length"></UOM></valUnit></Band></covDim></ImgDesc></contInfo><mdDateSt Sync="TRUE">20210510</mdDateSt></metadata>
