<?xml version="1.0" encoding="UTF-8"?>
<metadata xml:lang="en"><Esri><CreaDate>20240415</CreaDate><CreaTime>12282900</CreaTime><ArcGISFormat>1.0</ArcGISFormat><SyncOnce>TRUE</SyncOnce><DataProperties><lineage><Process ToolSource="c:\program files\arcgis\pro\Resources\ArcToolbox\toolboxes\Conversion Tools.tbx\ExportFeatures" Date="20240415" Time="122829">ExportFeatures Admin2 "D:\OCHA\Training\2024 IMPACT EN\ITOS SQKM replacements 2024_04_15\sld_admbnda_adm2_2023sqkm.shp" # NOT_USE_ALIAS "ADM2_EN "ADM2_EN" true true false 50 Text 0 0,First,#,Admin2,ADM2_EN,0,49;ADM2_PCODE "ADM2_PCODE" true true false 50 Text 0 0,First,#,Admin2,ADM2_PCODE,0,49;ADM1_EN "ADM1_EN" true true false 50 Text 0 0,First,#,Admin2,ADM1_EN,0,49;ADM1_PCODE "ADM1_PCODE" true true false 50 Text 0 0,First,#,Admin2,ADM1_PCODE,0,49;ADM0_EN "ADM0_EN" true true false 50 Text 0 0,First,#,Admin2,ADM0_EN,0,49;ADM0_PCODE "ADM0_PCODE" true true false 50 Text 0 0,First,#,Admin2,ADM0_PCODE,0,49;AREA_SQKM "AREA_SQKM" true true false 0 Double 0 0,First,#,Admin2,AREA_SQKM,-1,-1" #</Process><Process ToolSource="c:\program files\arcgis\pro\Resources\ArcToolbox\toolboxes\Data Management Tools.tbx\Rename" Date="20240416" Time="140148">Rename "D:\OCHA\Training\2024 IMPACT EN\ITOS SQKM replacements 2024_04_15\AB\sld_admbnda_adm2_2023sqkm.shp" "D:\OCHA\Training\2024 IMPACT EN\ITOS SQKM replacements 2024_04_15\AB\sld_admbnda_adm2_2023_ABsqkm.shp" ShapeFile</Process><Process ToolSource="c:\program files\arcgis\pro\Resources\ArcToolbox\toolboxes\Data Management Tools.tbx\Rename" Date="20240416" Time="140156">Rename "D:\OCHA\Training\2024 IMPACT EN\ITOS SQKM replacements 2024_04_15\AB\sld_admbnda_adm2_2023_ABsqkm.shp" "D:\OCHA\Training\2024 IMPACT EN\ITOS SQKM replacements 2024_04_15\AB\sld_admbnda_adm2_2023_AB_sqkm.shp" ShapeFile</Process></lineage></DataProperties></Esri></metadata>
