<?xml version="1.0" encoding="UTF-8"?>
<metadata xml:lang="en"><Esri><CreaDate>20240415</CreaDate><CreaTime>12273600</CreaTime><ArcGISFormat>1.0</ArcGISFormat><SyncOnce>TRUE</SyncOnce><DataProperties><lineage><Process ToolSource="c:\program files\arcgis\pro\Resources\ArcToolbox\toolboxes\Conversion Tools.tbx\ExportFeatures" Date="20240415" Time="122736">ExportFeatures Admin1 "D:\OCHA\Training\2024 IMPACT EN\ITOS SQKM replacements 2024_04_15\sld_admbnda_adm1_2023sqkm.shp" # NOT_USE_ALIAS "ADM1_EN "ADM1_EN" true true false 50 Text 0 0,First,#,Admin1,ADM1_EN,0,49;ADM1_PCODE "ADM1_PCODE" true true false 50 Text 0 0,First,#,Admin1,ADM1_PCODE,0,49;ADM0_EN "ADM0_EN" true true false 50 Text 0 0,First,#,Admin1,ADM0_EN,0,49;ADM0_PCODE "ADM0_PCODE" true true false 50 Text 0 0,First,#,Admin1,ADM0_PCODE,0,49;AREA_SQKM "AREA_SQKM" true true false 0 Double 0 0,First,#,Admin1,AREA_SQKM,-1,-1" #</Process><Process ToolSource="c:\program files\arcgis\pro\Resources\ArcToolbox\toolboxes\Data Management Tools.tbx\Rename" Date="20240416" Time="140119">Rename "D:\OCHA\Training\2024 IMPACT EN\ITOS SQKM replacements 2024_04_15\AB\sld_admbnda_adm1_2023sqkm.shp" "D:\OCHA\Training\2024 IMPACT EN\ITOS SQKM replacements 2024_04_15\AB\sld_admbnda_adm1_2023_AB_sqkm.shp" ShapeFile</Process></lineage></DataProperties></Esri></metadata>
